{
    "cpp_java": 0.00390625,
    "cpp_python": 0.01953125,
    "java_python": 0.00390625
}