{
    "cpp_java": 0.59765625,
    "cpp_python": 0.634765625,
    "java_python": 0.33984375
}